{
    "accuracy": 0.8940886699507389,
    "confusion_matrix": [
        [
            1992,
            431
        ],
        [
            85,
            2364
        ]
    ],
    "classification_report": {
        "0": {
            "precision": 0.9590755897929706,
            "recall": 0.8221213371853074,
            "f1-score": 0.8853333333333333,
            "support": 2423.0
        },
        "1": {
            "precision": 0.8457960644007155,
            "recall": 0.9652919559003675,
            "f1-score": 0.9016018306636155,
            "support": 2449.0
        },
        "accuracy": 0.8940886699507389,
        "macro avg": {
            "precision": 0.9024358270968431,
            "recall": 0.8937066465428375,
            "f1-score": 0.8934675819984744,
            "support": 4872.0
        },
        "weighted avg": {
            "precision": 0.9021335623533907,
            "recall": 0.8940886699507389,
            "f1-score": 0.8935109913714823,
            "support": 4872.0
        }
    },
    "roc_auc": 0.9723622316216564
}